title,source,creator,subject,date
பழைய கணக்கு,https://ta.wikisource.org/wiki/பழைய கணக்கு,சாவி,,1984
பாப்பா முதல் பாட்டி வரை,https://ta.wikisource.org/wiki/பாப்பா முதல் பாட்டி வரை,புலவர் த. கோவேந்தன்,,
"எது வியாபாரம், எவர் வியாபாரி","https://ta.wikisource.org/wiki/எது வியாபாரம், எவர் வியாபாரி",கி. ஆ. பெ. விசுவநாதம்,,1994
ஒரே உரிமை,https://ta.wikisource.org/wiki/ஒரே உரிமை,விந்தன்,,1983
மணி பல்லவம் 1,https://ta.wikisource.org/wiki/மணி பல்லவம் 1,நா. பார்த்தசாரதி,,2000
மணி பல்லவம் 2,https://ta.wikisource.org/wiki/மணி பல்லவம் 2,நா. பார்த்தசாரதி,,2000
புத்தர் பொன்மொழி நூறு,https://ta.wikisource.org/wiki/புத்தர் பொன்மொழி நூறு,பேரா. சுந்தரசண்முகனார்,,1987
வேங்கடம் முதல் குமரி வரை 1,https://ta.wikisource.org/wiki/வேங்கடம் முதல் குமரி வரை 1,தொ. மு. பாஸ்கரத் தொண்டைமான்,,2000
வேங்கடம் முதல் குமரி வரை 3,https://ta.wikisource.org/wiki/வேங்கடம் முதல் குமரி வரை 3,தொ. மு. பாஸ்கரத் தொண்டைமான்,,2001
வேங்கடம் முதல் குமரி வரை 4,https://ta.wikisource.org/wiki/வேங்கடம் முதல் குமரி வரை 4,தொ. மு. பாஸ்கரத் தொண்டைமான்,,2001
வேங்கடம் முதல் குமரி வரை 5,https://ta.wikisource.org/wiki/வேங்கடம் முதல் குமரி வரை 5,தொ. மு. பாஸ்கரத் தொண்டைமான்,,2001
அனிச்ச மலர்,https://ta.wikisource.org/wiki/அனிச்ச மலர்,நா. பார்த்தசாரதி,,
கிரேக்க ஒலிம்பிக் பந்தயங்கள்,https://ta.wikisource.org/wiki/கிரேக்க ஒலிம்பிக் பந்தயங்கள்,டாக்டர். எஸ். நவராஜ் செல்லையா,,1999
திருக்குறள் புதைபொருள் 2,https://ta.wikisource.org/wiki/திருக்குறள் புதைபொருள் 2,கி. ஆ. பெ. விசுவநாதம்,,1988
திருக்குறள் புதைபொருள் 1,https://ta.wikisource.org/wiki/திருக்குறள் புதைபொருள் 1,கி. ஆ. பெ. விசுவநாதம்,,1990
திருக்குறளில் செயல்திறன்,https://ta.wikisource.org/wiki/திருக்குறளில் செயல்திறன்,கி. ஆ. பெ. விசுவநாதம்,,1993
வாழ்க்கை நலம்,https://ta.wikisource.org/wiki/வாழ்க்கை நலம்,குன்றக்குடி அடிகளார்,,2011
பெஞ்சமின் ஃபிராங்ளினின் நம்மைமேம்படுத்தும் எண்ணங்கள்,https://ta.wikisource.org/wiki/பெஞ்சமின் ஃபிராங்ளினின் நம்மைமேம்படுத்தும் எண்ணங்கள்,என். வி. கலைமணி,,2001
தில்லைப் பெருங்கோயில் வரலாறு,https://ta.wikisource.org/wiki/தில்லைப் பெருங்கோயில் வரலாறு,பேராசிரியர் க. வெள்ளைவாரணனார்,,1988
பறவைகளைப் பார்,https://ta.wikisource.org/wiki/பறவைகளைப் பார்,கவிஞர் பெரியசாமித்தூரன்,,1970
அம்புலிப் பயணம்,https://ta.wikisource.org/wiki/அம்புலிப் பயணம்,பேராசிரியர் ந. சுப்புரெட்டியார்,,1973
தமிழகத்தில் குறிஞ்சி வளம்,https://ta.wikisource.org/wiki/தமிழகத்தில் குறிஞ்சி வளம்,கவிஞர் முருகு சுந்தரம்,,1968
இறைவர் திருமகன்,https://ta.wikisource.org/wiki/இறைவர் திருமகன்,பாவலர் நாரா. நாச்சியப்பன்,,1980
தெய்வ அரசு கண்ட இளவரசன்,https://ta.wikisource.org/wiki/தெய்வ அரசு கண்ட இளவரசன்,பாவலர் நாரா. நாச்சியப்பன்,,1971
கிருஸ்தவத் தமிழ்த் தொண்டர்,https://ta.wikisource.org/wiki/கிருஸ்தவத் தமிழ்த் தொண்டர்,டாக்டர் ரா. பி. சேதுப்பிள்ளை,,1957
வேண்டும் விடுதலை,https://ta.wikisource.org/wiki/வேண்டும் விடுதலை,பாவலரேறு பெருஞ்சித்திரனார்,,2005
தான்பிரீன் தொடரும் பயணம்,https://ta.wikisource.org/wiki/தான்பிரீன் தொடரும் பயணம்,தியாகி ப. ராமசாமி,,1993
வாழ்க்கை (லியோ டால்ஸ்டாய்),https://ta.wikisource.org/wiki/வாழ்க்கை (லியோ டால்ஸ்டாய்),லியோ டால்ஸ்டாய்,,1961
புகழ்பெற்ற புதுக்கவிஞர்கள்,https://ta.wikisource.org/wiki/புகழ்பெற்ற புதுக்கவிஞர்கள்,கவிஞர் முருகு சுந்தரம்,,1993
நாலடியார் - செய்யுளும் செய்திகளும்,https://ta.wikisource.org/wiki/நாலடியார் - செய்யுளும் செய்திகளும்,டாக்டர் ரா. சீனிவாசன்,,
ஊர்வலம் போன பெரியமனுஷி,https://ta.wikisource.org/wiki/ஊர்வலம் போன பெரியமனுஷி,வல்லிக்கண்ணன்,சிறுவர் கதைகள்,1994
வரலாற்றுக் காப்பியம்,https://ta.wikisource.org/wiki/வரலாற்றுக் காப்பியம்,ஏ. கே. வேலன்,,
கடவுள் கைவிடமாட்டார்,https://ta.wikisource.org/wiki/கடவுள் கைவிடமாட்டார்,டாக்டர். எஸ். நவராஜ் செல்லையா,,
சிந்தனையாளன் மாக்கியவெல்லி,https://ta.wikisource.org/wiki/சிந்தனையாளன் மாக்கியவெல்லி,பாவலர் நாரா. நாச்சியப்பன்,,2006
உலகம் பிறந்த கதை,https://ta.wikisource.org/wiki/உலகம் பிறந்த கதை,சக்திதாசன் சுப்பிரமணியன்,,1985
குன்றக்குடி அடிகளார் நூல்வரிசை-11,https://ta.wikisource.org/wiki/குன்றக்குடி அடிகளார் நூல்வரிசை-11,குன்றக்குடி அடிகளார்,,2001
ரோஜா இதழ்கள்,https://ta.wikisource.org/wiki/ரோஜா இதழ்கள்,ராஜம் கிருஷ்ணன்,,2001
கெடிலக் கரை நாகரிகம்,https://ta.wikisource.org/wiki/கெடிலக் கரை நாகரிகம்,பேரா. சுந்தரசண்முகனார்,,2001
தஞ்சைச் சிறுகதைகள்,https://ta.wikisource.org/wiki/தஞ்சைச் சிறுகதைகள்,,,
நான் கண்ட நாடகக் கலைஞர்கள்,https://ta.wikisource.org/wiki/நான் கண்ட நாடகக் கலைஞர்கள்,பம்மல் சம்பந்த முதலியார்,,1964
நமக்கு நாமே உதவி,https://ta.wikisource.org/wiki/நமக்கு நாமே உதவி,டாக்டர். எஸ். நவராஜ் செல்லையா,,
தாவோ - ஆண் பெண் அன்புறவு,https://ta.wikisource.org/wiki/தாவோ - ஆண் பெண் அன்புறவு,புலவர் த. கோவேந்தன்,,1998
நீங்களும் இளமையாக வாழலாம்,https://ta.wikisource.org/wiki/நீங்களும் இளமையாக வாழலாம்,டாக்டர். எஸ். நவராஜ் செல்லையா,,
பாபு இராஜேந்திர பிரசாத்,https://ta.wikisource.org/wiki/பாபு இராஜேந்திர பிரசாத்,என். வி. கலைமணி,,
லியோ டால்ஸ்டாயின் நம்மை மேம்படுத்தும் எண்ணங்கள்,https://ta.wikisource.org/wiki/லியோ டால்ஸ்டாயின் நம்மை மேம்படுத்தும் எண்ணங்கள்,என். வி. கலைமணி,,
கோவூர் கிழார்,https://ta.wikisource.org/wiki/கோவூர் கிழார்,கி. வா. ஜகந்நாதன்,,
பமாய வினோதப் பரதேசி-1,https://ta.wikisource.org/wiki/பமாய வினோதப் பரதேசி-1,வடுவூர் துரைசாமி அய்யங்கார்,,
தமிழ் இலக்கிய வரலாறு (ரா. சீனிவாசன்),https://ta.wikisource.org/wiki/தமிழ் இலக்கிய வரலாறு (ரா. சீனிவாசன்),டாக்டர் ரா. சீனிவாசன்,,
புதுமைப்பித்தன் உதிர்த்த முத்துக்கள்,https://ta.wikisource.org/wiki/புதுமைப்பித்தன் உதிர்த்த முத்துக்கள்,முல்லை முத்தையா,,
பாரதிதாசன் தாலாட்டுகள்,https://ta.wikisource.org/wiki/பாரதிதாசன் தாலாட்டுகள்,புலவர் த. கோவேந்தன்,,2000
சங்க கால வள்ளல்கள்,https://ta.wikisource.org/wiki/சங்க கால வள்ளல்கள்,பாலூர் கண்ணப்ப முதலியார்,,1951
திருக்குறள் செய்திகள்,https://ta.wikisource.org/wiki/திருக்குறள் செய்திகள்,பேரா. டாக்டர். ரா. சீனிவாசன்,,1995
நாடக மேடை நினைவுகள்,https://ta.wikisource.org/wiki/நாடக மேடை நினைவுகள்,பம்மல் சம்பந்த முதலியார்,,1998
இதய உணர்ச்சி,https://ta.wikisource.org/wiki/இதய உணர்ச்சி,பொ. திருகூடசுந்தரம்,,1952
விந்தன் கதைகள்-2,https://ta.wikisource.org/wiki/விந்தன் கதைகள்-2,விந்தன்,,
இராணி மங்கம்மாள்,https://ta.wikisource.org/wiki/இராணி மங்கம்மாள்,நா. பார்த்தசாரதி,,
அதிசயப் பெண்,https://ta.wikisource.org/wiki/அதிசயப் பெண்,கி. வா. ஜகந்நாதன்,,1956
இந்தியக் கலைச்செல்வம்,https://ta.wikisource.org/wiki/இந்தியக் கலைச்செல்வம்,தொ. மு. பாஸ்கரத் தொண்டைமான்,,1999
பிள்ளையார் சிரித்தார்,https://ta.wikisource.org/wiki/பிள்ளையார் சிரித்தார்,கே. பி. நீலமணி,,
தென்னைமரத் தீவினிலே,https://ta.wikisource.org/wiki/தென்னைமரத் தீவினிலே,கே. பி. நீலமணி,,1992
கொல்லிமலைக் குள்ளன்,https://ta.wikisource.org/wiki/கொல்லிமலைக் குள்ளன்,கவிஞர் பெரியசாமித்தூரன்,,
மருத்துவ களஞ்சியப் பேரகராதி,https://ta.wikisource.org/wiki/மருத்துவ களஞ்சியப் பேரகராதி,மணவை முஸ்தபா,அகராதி,2006
பத்தொன்பதாம் நூற்றாண்டின் தமிழ் உரைநடை வளர்ச்சி,https://ta.wikisource.org/wiki/பத்தொன்பதாம் நூற்றாண்டின் தமிழ் உரைநடை வளர்ச்சி,அ. மு. பரமசிவானந்தம்,,
இயல் தமிழ் இன்பம்,https://ta.wikisource.org/wiki/இயல் தமிழ் இன்பம்,பேரா. சுந்தரசண்முகனார்,,
ஆல்பர்ட் ஐன்ஸ்டைனின் நம்மை மேம்படுத்தும் எண்ணங்கள்,https://ta.wikisource.org/wiki/ஆல்பர்ட் ஐன்ஸ்டைனின் நம்மை மேம்படுத்தும் எண்ணங்கள்,என். வி. கலைமணி,,
பாதுகாப்புக் கல்வி,https://ta.wikisource.org/wiki/பாதுகாப்புக் கல்வி,டாக்டர். எஸ். நவராஜ் செல்லையா,,2000
நல்ல கதைகள்,https://ta.wikisource.org/wiki/நல்ல கதைகள்,டாக்டர். எஸ். நவராஜ் செல்லையா,,2002
தமிழ் வளர்த்த ஞானியாரடிகள்,https://ta.wikisource.org/wiki/தமிழ் வளர்த்த ஞானியாரடிகள்,வல்லிக்கண்ணன்,,
கவிக்குயில் சரோஜினியின் நம்மை மேம்படுத்தும் எண்ணங்கள்,https://ta.wikisource.org/wiki/கவிக்குயில் சரோஜினியின் நம்மை மேம்படுத்தும் எண்ணங்கள்,என். வி. கலைமணி,,2000
குன்றக்குடி அடிகளார் நூல்வரிசை-3,https://ta.wikisource.org/wiki/குன்றக்குடி அடிகளார் நூல்வரிசை-3,குன்றக்குடி அடிகளார்,,2003
அர்த்தமுள்ள விளையாட்டுக்கள்,https://ta.wikisource.org/wiki/அர்த்தமுள்ள விளையாட்டுக்கள்,டாக்டர். எஸ். நவராஜ் செல்லையா,,1994
திருவிளையாடற் புராணம்,https://ta.wikisource.org/wiki/திருவிளையாடற் புராணம்,பேரா. டாக்டர். ரா. சீனிவாசன்,,2000
பலம் தரும் பத்து நிமிடப் பயிற்சிகள்,https://ta.wikisource.org/wiki/பலம் தரும் பத்து நிமிடப் பயிற்சிகள்,டாக்டர். எஸ். நவராஜ் செல்லையா,,2007
கவியரசர் இரவீந்திரநாத் தாகூர்,https://ta.wikisource.org/wiki/கவியரசர் இரவீந்திரநாத் தாகூர்,என். வி. கலைமணி,,2002
அந்தமான் கைதி,https://ta.wikisource.org/wiki/அந்தமான் கைதி,கவிஞர் கு. சா. கிருஷ்ணமூர்த்தி,,1967
பஞ்ச தந்திரக் கதைகள்,https://ta.wikisource.org/wiki/பஞ்ச தந்திரக் கதைகள்,பாவலர் நாரா. நாச்சியப்பன்,,1996
சீனத்தின் குரல்,https://ta.wikisource.org/wiki/சீனத்தின் குரல்,சி. பி. சிற்றரசு,,1953
கன்பூசியஸின் நம்மை மேம்படுத்தும் எண்ணங்கள்,https://ta.wikisource.org/wiki/கன்பூசியஸின் நம்மை மேம்படுத்தும் எண்ணங்கள்,என். வி. கலைமணி,,2000
ஆண் சிங்கம்,https://ta.wikisource.org/wiki/ஆண் சிங்கம்,வல்லிக்கண்ணன்,சிறுகதைகள்,1964
பேசும் ஓவியங்கள்,https://ta.wikisource.org/wiki/பேசும் ஓவியங்கள்,புலவர் த. கோவேந்தன்,,
அமிழ்தின் ஊற்று,https://ta.wikisource.org/wiki/அமிழ்தின் ஊற்று,புலவர் த. கோவேந்தன்,,1955
அறிவுக்கு உணவு,https://ta.wikisource.org/wiki/அறிவுக்கு உணவு,கி. ஆ. பெ. விசுவநாதம்,,2001
கந்தர் அலங்காரச் சொற்பொழிவுகள்-1,https://ta.wikisource.org/wiki/கந்தர் அலங்காரச் சொற்பொழிவுகள்-1,கி. வா. ஜகந்நாதன்,,2003
இலக்கியத்தில் வேங்கட வேலவன்,https://ta.wikisource.org/wiki/இலக்கியத்தில் வேங்கட வேலவன்,பேரா. சுந்தரசண்முகனார்,,1988
இங்கிலாந்தில் சில மாதங்கள்,https://ta.wikisource.org/wiki/இங்கிலாந்தில் சில மாதங்கள்,பேரா. டாக்டர். ரா. சீனிவாசன்,பயண நூல்கள்,1985
தமிழ் நூல்களில் பௌத்தம்,https://ta.wikisource.org/wiki/தமிழ் நூல்களில் பௌத்தம்,திரு. வி. கலியாணசுந்தரனார்,,1952
மழலை அமுதம்,https://ta.wikisource.org/wiki/மழலை அமுதம்,கவிஞர் பெரியசாமித்தூரன்,சிறுவர் கதைகள்,1981
1806,https://ta.wikisource.org/wiki/1806,டாக்டர் ந. சஞ்சீவி,,1806
கலீலியோவின் நம்மை மேம்படுத்தும் எண்ணங்கள்,https://ta.wikisource.org/wiki/கலீலியோவின் நம்மை மேம்படுத்தும் எண்ணங்கள்,என். வி. கலைமணி,,2000
மாபாரதம்,https://ta.wikisource.org/wiki/மாபாரதம்,பேரா. டாக்டர். ரா. சீனிவாசன்,,1993
அவள் ஒரு எக்ஸ்ட்ரா,https://ta.wikisource.org/wiki/அவள் ஒரு எக்ஸ்ட்ரா,வல்லிக்கண்ணன்,,1949
திருக்குறள் கட்டுரைகள்,https://ta.wikisource.org/wiki/திருக்குறள் கட்டுரைகள்,கி. ஆ. பெ. விசுவநாதம்,,1999
அன்னை கஸ்தூரிபாயின் நம்மை மேம்படுத்தும் எண்ணங்கள்,https://ta.wikisource.org/wiki/அன்னை கஸ்தூரிபாயின் நம்மை மேம்படுத்தும் எண்ணங்கள்,என். வி. கலைமணி,,2002
வினோத விடிகதை,https://ta.wikisource.org/wiki/வினோத விடிகதை,சிறுமணவூர் முனிசாமி முதலியார்,,1911
வெளிநாட்டு விடுகதைகள்,https://ta.wikisource.org/wiki/வெளிநாட்டு விடுகதைகள்,குழந்தைக் கவிஞர் அழ. வள்ளியப்பா,,1967
இன்பம்,https://ta.wikisource.org/wiki/இன்பம்,முல்லை முத்தையா,,1998
சிந்தனை துளிகள்,https://ta.wikisource.org/wiki/சிந்தனை துளிகள்,குன்றக்குடி அடிகளார்,,1993
கடல்வீரன் கொலம்பஸ்,https://ta.wikisource.org/wiki/கடல்வீரன் கொலம்பஸ்,பாவலர் நாரா. நாச்சியப்பன்,,1996
சொன்னால் நம்பமாட்டீர்கள்,https://ta.wikisource.org/wiki/சொன்னால் நம்பமாட்டீர்கள்,சின்ன அண்ணாமலை,,2004
கள்வர் குகை,https://ta.wikisource.org/wiki/கள்வர் குகை,பாவலர் நாரா. நாச்சியப்பன்,,
குருகுலப் போராட்டம்,https://ta.wikisource.org/wiki/குருகுலப் போராட்டம்,பாவலர் நாரா. நாச்சியப்பன்,,1994
சடுகுடு ஆட்டம்,https://ta.wikisource.org/wiki/சடுகுடு ஆட்டம்,டாக்டர். எஸ். நவராஜ் செல்லையா,,2009
உடற்கல்வி என்றால் என்ன,https://ta.wikisource.org/wiki/உடற்கல்வி என்றால் என்ன,டாக்டர். எஸ். நவராஜ் செல்லையா,,2007
தமிழ்ச் சொல்லாக்கம்,https://ta.wikisource.org/wiki/தமிழ்ச் சொல்லாக்கம்,உவமைக்கவிஞர் சுரதா,,2003
காலனைக் கட்டி யடக்கிய கடோரசித்தன் கதை,https://ta.wikisource.org/wiki/காலனைக் கட்டி யடக்கிய கடோரசித்தன் கதை,தணிகைமணி வ. சு. செங்கல்வராயபிள்ளை,,1928
சோழர் கால அரசியல் தலைவர்கள்,https://ta.wikisource.org/wiki/சோழர் கால அரசியல் தலைவர்கள்,பேரா. கா. ம. வேங்கடராமையா,,
ஹெர்க்குலிஸ்,https://ta.wikisource.org/wiki/ஹெர்க்குலிஸ்,தியாகி ப. ராமசாமி,,
ஆரிய மாயை,https://ta.wikisource.org/wiki/ஆரிய மாயை,அண்ணாதுரை,,
தமிழ்ப் பழமொழிகள் 1,https://ta.wikisource.org/wiki/தமிழ்ப் பழமொழிகள் 1,கி. வா. ஜகந்நாதன்,,
தமிழ்ப் பழமொழிகள் 3,https://ta.wikisource.org/wiki/தமிழ்ப் பழமொழிகள் 3,கி. வா. ஜகந்நாதன்,இலக்கியம்,2006
அதிகமான் நெடுமான் அஞ்சி,https://ta.wikisource.org/wiki/அதிகமான் நெடுமான் அஞ்சி,கி. வா. ஜகந்நாதன்,கதைகள்,1964
சங்ககிரிக் கோட்டையின் மர்மம்,https://ta.wikisource.org/wiki/சங்ககிரிக் கோட்டையின் மர்மம்,கவிஞர் பெரியசாமித்தூரன்,சிறுவர் கதைகள்,1978
ஐந்து செல்வங்கள்,https://ta.wikisource.org/wiki/ஐந்து செல்வங்கள்,கி. ஆ. பெ. விசுவநாதம்,,1997
அண்ணா சில நினைவுகள்,https://ta.wikisource.org/wiki/அண்ணா சில நினைவுகள்,கவிஞர் கருணானந்தம்,,1986
இலக்கியத் தூதர்கள்,https://ta.wikisource.org/wiki/இலக்கியத் தூதர்கள்,அ. க. நவநீதகிருட்டிணன்,,1966
அயல்நாட்டு அறிஞர்கள் உதிர்த்த முத்துக்கள்,https://ta.wikisource.org/wiki/அயல்நாட்டு அறிஞர்கள் உதிர்த்த முத்துக்கள்,முல்லை முத்தையா,,2002
ஆப்பரேஷனுக்கு அஞ்சவேண்டாம்,https://ta.wikisource.org/wiki/ஆப்பரேஷனுக்கு அஞ்சவேண்டாம்,பொ. திருகூடசுந்தரம்,,1966
உத்தரகாண்டம்,https://ta.wikisource.org/wiki/உத்தரகாண்டம்,ராஜம் கிருஷ்ணன்,சமூக நூல்கள்,2002
சான்றோர் தமிழ்,https://ta.wikisource.org/wiki/சான்றோர் தமிழ், முனைவர் சி. பாலசுப்பிரமணியன்,,1993
பாரதி பிறந்தார்,https://ta.wikisource.org/wiki/பாரதி பிறந்தார்,கவிஞர் முருகு சுந்தரம்,,1993
தாவிப் பாயும் தங்கக் குதிரை,https://ta.wikisource.org/wiki/தாவிப் பாயும் தங்கக் குதிரை,பாவலர் நாரா. நாச்சியப்பன்,,1985
ஆறுமுகமான பொருள்,https://ta.wikisource.org/wiki/ஆறுமுகமான பொருள்,தொ. மு. பாஸ்கரத் தொண்டைமான்,,1999
சமுதாய மறுமலர்ச்சி இலக்கியங்கள்,https://ta.wikisource.org/wiki/சமுதாய மறுமலர்ச்சி இலக்கியங்கள்,குன்றக்குடி அடிகளார்,,1993
அப்பம் தின்ற முயல்,https://ta.wikisource.org/wiki/அப்பம் தின்ற முயல்,பாவலர் நாரா. நாச்சியப்பன்,,1989
சொன்னார்கள்,https://ta.wikisource.org/wiki/சொன்னார்கள்,உவமைக்கவிஞர் சுரதா,,1977
அடி மனம்,https://ta.wikisource.org/wiki/அடி மனம்,கவிஞர் பெரியசாமித்தூரன்,,1957
நல்ல நண்பர்கள்,https://ta.wikisource.org/wiki/நல்ல நண்பர்கள்,குழந்தைக் கவிஞர் அழ. வள்ளியப்பா,,1985
கல்கி முதல் அகிலன் வரை நாவலாசிரியர்கள்,https://ta.wikisource.org/wiki/கல்கி முதல் அகிலன் வரை நாவலாசிரியர்கள்,பூவை. எஸ். ஆறுமுகம்,,1964
உரைவேந்தர் ஒளவை சு. துரைசாமிபிள்ளை,https://ta.wikisource.org/wiki/உரைவேந்தர் ஒளவை சு. துரைசாமிபிள்ளை,ச. சாம்பசிவனார்,,2007
பொழுதுபோக்கு விளையாட்டுக்கள்,https://ta.wikisource.org/wiki/பொழுதுபோக்கு விளையாட்டுக்கள்,டாக்டர். எஸ். நவராஜ் செல்லையா,,1982
அன்னிபெசண்ட் அம்மையாரின் நம்மை மேம்படுத்தும் எண்ணங்கள்,https://ta.wikisource.org/wiki/அன்னிபெசண்ட் அம்மையாரின் நம்மை மேம்படுத்தும் எண்ணங்கள்,என். வி. கலைமணி,,2000
அறிவுக் கனிகள்,https://ta.wikisource.org/wiki/அறிவுக் கனிகள்,பொ. திருகூடசுந்தரம்,,1959
அந்த நாய்க்குட்டி எங்கே,https://ta.wikisource.org/wiki/அந்த நாய்க்குட்டி எங்கே,பூவை. எஸ். ஆறுமுகம்,சிறுகதைகள்,1979
உலக வரலாற்றில் விடுதலை வீரர்கள்,https://ta.wikisource.org/wiki/உலக வரலாற்றில் விடுதலை வீரர்கள்,என். வி. கலைமணி,,2002
அண்டார்க்டிக் பெருங்கடல்,https://ta.wikisource.org/wiki/அண்டார்க்டிக் பெருங்கடல்,பேரா. அ. கி. மூர்த்தி,,1979
சின்னஞ்சிறு பாடல்கள்,https://ta.wikisource.org/wiki/சின்னஞ்சிறு பாடல்கள்,குழந்தைக் கவிஞர் அழ. வள்ளியப்பா,,1992
சீர்மிகு சிவகங்கைச் சீமை,https://ta.wikisource.org/wiki/சீர்மிகு சிவகங்கைச் சீமை,எஸ். எம். கமால்,,1997
சேதுபதி மன்னர் வரலாறு,https://ta.wikisource.org/wiki/சேதுபதி மன்னர் வரலாறு,எஸ். எம். கமால்,,2003
மிஸ்டர் விக்கிரமாதித்தன் கதைகள்,https://ta.wikisource.org/wiki/மிஸ்டர் விக்கிரமாதித்தன் கதைகள்,விந்தன்,புதினங்கள்,2000
ஏழாவது வாசல்,https://ta.wikisource.org/wiki/ஏழாவது வாசல்,பாவலர் நாரா. நாச்சியப்பன்,,1993
ஓலைக் கிளி,https://ta.wikisource.org/wiki/ஓலைக் கிளி,கவிஞர் பெரியசாமித்தூரன்,,1985
ஆரியப்பார்ப்பனரின் அளவிறந்த கொட்டங்கள்,https://ta.wikisource.org/wiki/ஆரியப்பார்ப்பனரின் அளவிறந்த கொட்டங்கள்,பாவலரேறு பெருஞ்சித்திரனார்,,2005
இந்தியப் பெருங்கடல்,https://ta.wikisource.org/wiki/இந்தியப் பெருங்கடல்,பேரா. அ. கி. மூர்த்தி,,1979
எனது நண்பர்கள்,https://ta.wikisource.org/wiki/எனது நண்பர்கள்,கி. ஆ. பெ. விசுவநாதம்,,1999
விடுதலைப்போரில் சேதுபதி மன்னர்,https://ta.wikisource.org/wiki/விடுதலைப்போரில் சேதுபதி மன்னர்,எஸ். எம். கமால்,,1997
கப்பலோட்டிய தமிழன் வ. உ. சிதம்பரம்,https://ta.wikisource.org/wiki/கப்பலோட்டிய தமிழன் வ. உ. சிதம்பரம்,என். வி. கலைமணி,,2001
வ. உ. சி. முற்போக்கு இயக்கங்களின் முன்னோடி,https://ta.wikisource.org/wiki/வ. உ. சி. முற்போக்கு இயக்கங்களின் முன்னோடி,நா. வானமாமலை,,1999
நெஞ்சக்கனல்,https://ta.wikisource.org/wiki/நெஞ்சக்கனல்,நா. பார்த்தசாரதி,,1998
மகாபாரதம்-அறத்தின் குரல்,https://ta.wikisource.org/wiki/மகாபாரதம்-அறத்தின் குரல்,நா. பார்த்தசாரதி,,2000
இளைஞர்களுக்கு தந்தை பெரியார் வரலாறு,https://ta.wikisource.org/wiki/இளைஞர்களுக்கு தந்தை பெரியார் வரலாறு,பாவலர் நாரா. நாச்சியப்பன்,,1997
தமிழ் நாடக வரலாறும் சங்கரதாச சுவாமிகளும்,https://ta.wikisource.org/wiki/தமிழ் நாடக வரலாறும் சங்கரதாச சுவாமிகளும்,பேராசிரியர் அ. ச. ஞானசம்பந்தன்,,2002
இந்திய நாத்திகமும் மார்க்சீயத் தத்துவமும்,https://ta.wikisource.org/wiki/இந்திய நாத்திகமும் மார்க்சீயத் தத்துவமும்,நா. வானமாமலை,,1989
வெற்றி முழக்கம்,https://ta.wikisource.org/wiki/வெற்றி முழக்கம்,நா. பார்த்தசாரதி,வரலாற்றுப் புதினங்கள்,2003
அறிவுக் கதைகள்,https://ta.wikisource.org/wiki/அறிவுக் கதைகள்,கி. ஆ. பெ. விசுவநாதம்,சிறுவர் கதைகள்,1998
பாரதியின் இலக்கியப் பார்வை,https://ta.wikisource.org/wiki/பாரதியின் இலக்கியப் பார்வை,கோவை இளஞ்சேரன்‎,,1981
கல்வி எனும் கண்,https://ta.wikisource.org/wiki/கல்வி எனும் கண்,அ. மு. பரமசிவானந்தம்‎,,1991
பண்டிதரின் கொடை-விகிதாச்சார உரிமை எனும் சமூகநீதிக் கொள்கை,https://ta.wikisource.org/wiki/பண்டிதரின் கொடை-விகிதாச்சார உரிமை எனும் சமூகநீதிக் கொள்கை,கௌதம சன்னா,சமூக நூல்கள்,2007
இந்திய சமுதாய வரலாற்றில் பெண்மை,https://ta.wikisource.org/wiki/இந்திய சமுதாய வரலாற்றில் பெண்மை,ராஜம் கிருஷ்ணன்,சமூக நூல்கள்,2006
ஆஞ்சநேய புராணம்,https://ta.wikisource.org/wiki/ஆஞ்சநேய புராணம்,பேரா. அ. திருமலைமுத்துசாமி,,1978
ஈரோட்டுத் தாத்தா,https://ta.wikisource.org/wiki/ஈரோட்டுத் தாத்தா,பாவலர் நாரா. நாச்சியப்பன்,,1995
நபிகள் நாயகம்-கி. ஆ. பெ. விசுவநாதம்,https://ta.wikisource.org/wiki/நபிகள் நாயகம்-கி. ஆ. பெ. விசுவநாதம்,கி. ஆ. பெ. விசுவநாதம்,,1994
ஆரியர்க்கு முற்பட்ட தமிழ்ப்பண்பாடு,https://ta.wikisource.org/wiki/ஆரியர்க்கு முற்பட்ட தமிழ்ப்பண்பாடு,புலவர் கா. கோவிந்தன்,,1999
ஆர்க்டிக் பெருங்கடல்,https://ta.wikisource.org/wiki/ஆர்க்டிக் பெருங்கடல்,பேரா. அ. கி. மூர்த்தி,,1979
கடவுள் வழிபாட்டு வரலாறு,https://ta.wikisource.org/wiki/கடவுள் வழிபாட்டு வரலாறு,பேரா. சுந்தரசண்முகனார்,,1988
சிலம்பின் கதை,https://ta.wikisource.org/wiki/சிலம்பின் கதை,பேரா. டாக்டர். ரா. சீனிவாசன்,,1998
நபிகள் நாயகம்-சரித்திர நிகழ்ச்சிகள்,https://ta.wikisource.org/wiki/நபிகள் நாயகம்-சரித்திர நிகழ்ச்சிகள்,முல்லை முத்தையா,,2003
கிரேக்க நாட்டுப் பழமைப் பண்புகள்,https://ta.wikisource.org/wiki/கிரேக்க நாட்டுப் பழமைப் பண்புகள்,பாலூர் கண்ணப்ப முதலியார்,வரலாறு,1968
நடிகவேள் எம். ஆர். இராதாவின் சிறைச்சாலைச் சிந்தனைகள்,https://ta.wikisource.org/wiki/நடிகவேள் எம். ஆர். இராதாவின் சிறைச்சாலைச் சிந்தனைகள்,விந்தன்,,1995
உலக அறிஞர்களின் நம்மை மேம்படுத்தும் எண்ணங்கள்,https://ta.wikisource.org/wiki/உலக அறிஞர்களின் நம்மை மேம்படுத்தும் எண்ணங்கள்,என். வி. கலைமணி,,2000
என் பார்வையில் கலைஞர்,https://ta.wikisource.org/wiki/என் பார்வையில் கலைஞர்,சு. சமுத்திரம்,வாழ்க்கை வரலாறு,2000
தமிழ் வளர்த்த நகரங்கள்,https://ta.wikisource.org/wiki/தமிழ் வளர்த்த நகரங்கள்,அ. க. நவநீதகிருட்டிணன்,,1960
நித்திலவல்லி,https://ta.wikisource.org/wiki/நித்திலவல்லி,நா. பார்த்தசாரதி,வரலாற்றுப் புதினங்கள்,1971
எனது நாடக வாழ்க்கை,https://ta.wikisource.org/wiki/எனது நாடக வாழ்க்கை,அவ்வை தி. க. சண்முகம்,தன்வரலாறு,1986
பல்லவர் வரலாறு,https://ta.wikisource.org/wiki/பல்லவர் வரலாறு,டாக்டர். மா. இராசமாணிக்கனார்,வரலாறு,1944
சதுரங்கம் விளையாடுவது எப்படி,https://ta.wikisource.org/wiki/சதுரங்கம் விளையாடுவது எப்படி,டாக்டர். எஸ். நவராஜ் செல்லையா,,2007
அறிவியல் வினா விடை-இயற்பியல்,https://ta.wikisource.org/wiki/அறிவியல் வினா விடை-இயற்பியல்,பேரா. அ. கி. மூர்த்தி,,2002
கம்பராமாயணம் (உரைநடை),https://ta.wikisource.org/wiki/கம்பராமாயணம் (உரைநடை),டாக்டர் ரா. சீனிவாசன்,,2000
பாற்கடல்,https://ta.wikisource.org/wiki/பாற்கடல்,லா. ச. ராமாமிர்தம்,,1994
பாட்டுப் பாடுவோம்,https://ta.wikisource.org/wiki/பாட்டுப் பாடுவோம்,குழந்தைக் கவிஞர் அழ. வள்ளியப்பா,,
மொஹெஞ்சொ-தரோ அல்லது சிந்துவெளி நாகரிகம்,https://ta.wikisource.org/wiki/மொஹெஞ்சொ-தரோ அல்லது சிந்துவெளி நாகரிகம்,டாக்டர். மா. இராசமாணிக்கனார்,வரலாறு,1941
ஒரு பூர்வ பௌத்தனின் சாட்சியம்,https://ta.wikisource.org/wiki/ஒரு பூர்வ பௌத்தனின் சாட்சியம்,பண்டிதர் க. அயோத்திதாசர்,,2006
பேராசிரியர் அ. ச. ஞாவின் பதில்கள்,https://ta.wikisource.org/wiki/பேராசிரியர் அ. ச. ஞாவின் பதில்கள்,பேராசிரியர் அ. ச. ஞானசம்பந்தன்,,2004
அலிபாபா (2002),https://ta.wikisource.org/wiki/அலிபாபா (2002),தியாகி ப. ராமசாமி,சிறுவர் கதைகள்,2002
மூவரை வென்றான்,https://ta.wikisource.org/wiki/மூவரை வென்றான்,நா. பார்த்தசாரதி,புதினங்கள்,1994
சோழர் வரலாறு,https://ta.wikisource.org/wiki/சோழர் வரலாறு,டாக்டர். மா. இராசமாணிக்கனார்,வரலாறு,1947
ஔவையார் கதை,https://ta.wikisource.org/wiki/ஔவையார் கதை,அ. க. நவநீதகிருட்டிணன்,வில்லுப்பாட்டு,
மாணவர்களுக்கு புறநானூற்றுச் சிறுகதைகள்,https://ta.wikisource.org/wiki/மாணவர்களுக்கு புறநானூற்றுச் சிறுகதைகள்,முல்லை முத்தையா,சிறுவர் கதைகள்,2002
எழு பெரு வள்ளல்கள்,https://ta.wikisource.org/wiki/எழு பெரு வள்ளல்கள்,கி. வா. ஜகந்நாதன்,,1959
ஏலக்காய்,https://ta.wikisource.org/wiki/ஏலக்காய்,பூவை. எஸ். ஆறுமுகம்,வேளாண்மை,1986
பல்லவப் பேரரசர்,https://ta.wikisource.org/wiki/பல்லவப் பேரரசர்,டாக்டர். மா. இராசமாணிக்கனார்,,1946
செயலும் செயல்திறனும்,https://ta.wikisource.org/wiki/செயலும் செயல்திறனும்,பாவலரேறு பெருஞ்சித்திரனார்,,1999
ஏட்டில் இல்லாத மகாபாரதக் கதைகள்,https://ta.wikisource.org/wiki/ஏட்டில் இல்லாத மகாபாரதக் கதைகள்,புலவர் த. கோவேந்தன்,,1988
புறநானூற்றுச் சிறுகதைகள்,https://ta.wikisource.org/wiki/புறநானூற்றுச் சிறுகதைகள்,நா. பார்த்தசாரதி,,1978
கேள்வி நேரம்,https://ta.wikisource.org/wiki/கேள்வி நேரம்,குழந்தைக் கவிஞர் அழ. வள்ளியப்பா,,1988
குதிரைச் சவாரி,https://ta.wikisource.org/wiki/குதிரைச் சவாரி,குழந்தைக் கவிஞர் அழ. வள்ளியப்பா,சிறுவர் கதைகள்,1978
தெளிவு பிறந்தது,https://ta.wikisource.org/wiki/தெளிவு பிறந்தது,மணவை முஸ்தபா,சிறுவர் கதைகள்,1989
வாழ்க்கை விநோதம்,https://ta.wikisource.org/wiki/வாழ்க்கை விநோதம்,குழந்தைக் கவிஞர் அழ. வள்ளியப்பா,சிறுவர் கதைகள்,1965
சேக்கிழார்,https://ta.wikisource.org/wiki/சேக்கிழார்,டாக்டர். மா. இராசமாணிக்கனார்,,1947
கபாடபுரம் (நா. பார்த்தசாரதி)|கபாடபுரம்,https://ta.wikisource.org/wiki/கபாடபுரம் (நா. பார்த்தசாரதி)|கபாடபுரம்,நா. பார்த்தசாரதி,வரலாற்றுப் புதினங்கள்,1967
இலக்கியங்கண்ட காவலர்,https://ta.wikisource.org/wiki/இலக்கியங்கண்ட காவலர்,புலவர் கா. கோவிந்தன்,,2001
மனத்தின் தோற்றம்,https://ta.wikisource.org/wiki/மனத்தின் தோற்றம்,பேரா. சுந்தரசண்முகனார்,,1992
பெரியார் அறிவுச் சுவடி,https://ta.wikisource.org/wiki/பெரியார் அறிவுச் சுவடி,விந்தன்,,2004
தொழிலியல் விஞ்ஞானி ஜி. டி. நாயுடு,https://ta.wikisource.org/wiki/தொழிலியல் விஞ்ஞானி ஜி. டி. நாயுடு,என். வி. கலைமணி,வாழ்க்கை வரலாறு,2003
பூவும் கனியும்,https://ta.wikisource.org/wiki/பூவும் கனியும்,டாக்டர் நெ. து. சுந்தரவடிவேலு,,1959
விடுகதை விளையாட்டு,https://ta.wikisource.org/wiki/விடுகதை விளையாட்டு,குழந்தைக் கவிஞர் அழ. வள்ளியப்பா,,1981
சுதந்திரம் பிறந்த கதை,https://ta.wikisource.org/wiki/சுதந்திரம் பிறந்த கதை,குழந்தைக் கவிஞர் அழ. வள்ளியப்பா,,1968
திருப்புமுனை,https://ta.wikisource.org/wiki/திருப்புமுனை,மணவை முஸ்தபா,சிறுவர் கதைகள்,1989
தந்தை பெரியார் சிந்தனைகள்,https://ta.wikisource.org/wiki/தந்தை பெரியார் சிந்தனைகள்,பேராசிரியர் ந. சுப்புரெட்டியார்,பெரியாரியல்,2001
திரும்பி வந்த மான் குட்டி,https://ta.wikisource.org/wiki/திரும்பி வந்த மான் குட்டி,குழந்தைக் கவிஞர் அழ. வள்ளியப்பா,சிறுவர் கதைகள்,2002
வித்தைப் பாம்பு,https://ta.wikisource.org/wiki/வித்தைப் பாம்பு,குழந்தைக் கவிஞர் அழ. வள்ளியப்பா,சிறுவர் கதைகள்,
சோனாவின் பயணம்,https://ta.wikisource.org/wiki/சோனாவின் பயணம்,குழந்தைக் கவிஞர் அழ. வள்ளியப்பா,சிறுவர் கதைகள்,1974
நான்கு நண்பர்கள்,https://ta.wikisource.org/wiki/நான்கு நண்பர்கள்,குழந்தைக் கவிஞர் அழ. வள்ளியப்பா,சிறுவர் கதைகள்,1962
ரோஜாச் செடி,https://ta.wikisource.org/wiki/ரோஜாச் செடி,குழந்தைக் கவிஞர் அழ. வள்ளியப்பா,சிறுவர் கதைகள்,1968
உலகத்தமிழ்,https://ta.wikisource.org/wiki/உலகத்தமிழ்,டாக்டர் நெ. து. சுந்தரவடிவேலு‎,பயண நூல்,1972
தந்தை பெரியார்,https://ta.wikisource.org/wiki/தந்தை பெரியார்,கே. பி. நீலமணி,பெரியாரியல்,2006
சுழலில் மிதக்கும் தீபங்கள்,https://ta.wikisource.org/wiki/சுழலில் மிதக்கும் தீபங்கள்,ராஜம் கிருஷ்ணன்,சமூக நூல்கள்,1987
சிக்கிமுக்கிக் கற்கள்,https://ta.wikisource.org/wiki/சிக்கிமுக்கிக் கற்கள்,சு. சமுத்திரம்,சிறுகதைகள்,1999
நல்ல மனைவியை அடைவது எப்படி,https://ta.wikisource.org/wiki/நல்ல மனைவியை அடைவது எப்படி,வல்லிக்கண்ணன்,,
சிறந்த கதைகள் பதிமூன்று,https://ta.wikisource.org/wiki/சிறந்த கதைகள் பதிமூன்று,வல்லிக்கண்ணன்,சிறுகதைகள்,1995
வஞ்சிமாநகரம்,https://ta.wikisource.org/wiki/வஞ்சிமாநகரம்,நா. பார்த்தசாரதி,வரலாற்றுப் புதினங்கள்,1968
சீவக சிந்தாமணி (உரைநடை),https://ta.wikisource.org/wiki/சீவக சிந்தாமணி (உரைநடை),டாக்டர் ரா. சீனிவாசன்,,1991
உமார் கயாம்,https://ta.wikisource.org/wiki/உமார் கயாம்,பாவலர் நாரா. நாச்சியப்பன்,வரலாற்றுப் புதினங்கள்,2006
முதுமொழிக் காஞ்சி-மூலமும் உரையும்,https://ta.wikisource.org/wiki/முதுமொழிக் காஞ்சி-மூலமும் உரையும்,பேரா. சுந்தரசண்முகனார்,,1991
தொந்தியைக் குறைக்க சுலபமான வழிகள்,https://ta.wikisource.org/wiki/தொந்தியைக் குறைக்க சுலபமான வழிகள்,டாக்டர். எஸ். நவராஜ் செல்லையா,,1997
அசோகர் கதைகள்,https://ta.wikisource.org/wiki/அசோகர் கதைகள்,பாவலர் நாரா. நாச்சியப்பன்,,1975
அங்கும் இங்கும்,https://ta.wikisource.org/wiki/அங்கும் இங்கும்,டாக்டர் நெ. து. சுந்தரவடிவேலு,பயண நூல்,1968
