file_name,identifier,title,title_en,creator,rights,subject,folder_name
Devaneyam__9.txt,Devaneyam__9.txt,தேவநேயம் - 9,Devaneyam -9,இரா. இளங்குமரன்,CC-BY-SA,,Devaneyam__9-upload
Devaneyam__7.txt,Devaneyam__7.txt,தேவநேயம் - 7,Devaneyam -7,இரா. இளங்குமரன்,CC-BY-SA,,Devaneyam__7-upload
Devaneyam__5.txt,Devaneyam__5.txt,தேவநேயம் - 5,Devaneyam -5,இரா. இளங்குமரன்,CC-BY-SA,,Devaneyam__5-upload
Devaneyam__3.txt,Devaneyam__3.txt,தேவநேயம் - 3,Devaneyam -3,இரா. இளங்குமரன்,CC-BY-SA,,Devaneyam__3-upload
Devaneyam__10.txt,Devaneyam__10.txt,தேவநேயம் - 10,Devaneyam -10,இரா. இளங்குமரன்,CC-BY-SA,,category
Devaneyam__8.txt,Devaneyam__8.txt,தேவநேயம் - 8,Devaneyam -8,இரா. இளங்குமரன்,CC-BY-SA,,Devaneyam__8-upload
Devaneyam__12.txt,Devaneyam__12.txt,தேவநேயம் - 12,Devaneyam -12,இரா. இளங்குமரன்,CC-BY-SA,,Devaneyam__12-upload
Devaneyam__11.txt,Devaneyam__11.txt,தேவநேயம் - 11,Devaneyam -11,இரா. இளங்குமரன்,CC-BY-SA,,Devaneyam__11-upload
Devaneyam__1.txt,Devaneyam__1.txt,தேவநேயம் - 1,Devaneyam -1,இரா. இளங்குமரன்,CC-BY-SA,,Devaneyam__1-upload
Devaneyam__2.txt,Devaneyam__2.txt,தேவநேயம் - 2,Devaneyam -2,இரா. இளங்குமரன்,CC-BY-SA,,Devaneyam__2-upload
Devaneyam__6.txt,Devaneyam__6.txt,தேவநேயம் - 6,Devaneyam -6,இரா. இளங்குமரன்,CC-BY-SA,,Devaneyam__6-upload
Devaneyam__13.txt,Devaneyam__13.txt,தேவநேயம் - 13,Devaneyam -13,இரா. இளங்குமரன்,CC-BY-SA,,Devaneyam__13-upload
Devaneyam__4.txt,Devaneyam__4.txt,தேவநேயம் - 4,Devaneyam -4,இரா. இளங்குமரன்,CC-BY-SA,,Devaneyam__4-upload
Seramannar_Varalaru.txt,Seramannar_Varalaru.txt,சேரமன்னர் வரலாறு,Seramannar Varalaru,ஒளவை துரைசாமி,CC-BY-SA,,Seramannar_Varalaru-upload
Silapathigara_Surukkam.txt,Silapathigara_Surukkam.txt,சிலப்பதிகாரச் சுருக்கம்,Silapathigara Surukkam,ஒளவை துரைசாமி,CC-BY-SA,செய்யுள்,Silapathigara_Surukkam-upload
Gnanamirutha_moolamum_palayavuraiyum.txt,Gnanamirutha_moolamum_palayavuraiyum.txt,ஞானாமிர்த மூலமும் பழையவுரையும்,Gnanamirutha moolamum palayavuraiyum,ஒளவை துரைசாமி,CC-BY-SA,வரலாறு,Gnanamirutha_moolamum_palayavuraiyum-upload
Manimekalai_araichi.txt,Manimekalai_araichi.txt,மணிமேகலை ஆராய்ச்சி,Manimekalai Araichi,ஒளவை துரைசாமி,CC-BY-SA,செய்யுள்,Manimekalai_Araichi-upload
Pathitrupathu.txt,Pathitrupathu.txt,பதிற்றுப்பத்து,Pathitrupathu,ஒளவை துரைசாமி,CC-BY-SA,செய்யுள்,Pathitrupathu-upload
Natrinai__2.txt,Natrinai__2.txt,நற்றிணை - 2,Natrinai -2,ஒளவை துரைசாமி,CC-BY-SA,செய்யுள்,Natrinai__2-upload
Purananooru_1.txt,Purananooru_1.txt,புறநானூறு – 1,Purananooru-1,ஒளவை துரைசாமி,CC-BY-SA,செய்யுள்,Purananooru_1-upload
Varalatru_vayil.txt,Varalatru_vayil.txt,வரலாற்று வாயில்,Varalatru vayil,ஒளவை துரைசாமி,CC-BY-SA,கட்டுரை,Varalatru_vayil-upload
Sivaneri_Sindhanai__1.txt,Sivaneri_Sindhanai__1.txt,சிவநெறிச் சிந்தனை - 1,Sivaneri Sindhanai -1,ஒளவை துரைசாமி,CC-BY-SA,கட்டுரை,Sivaneri_Sindhanai__1-upload
Pothumanithiral.txt,Pothumanithiral.txt,பொதுமணித்திரள்,Pothumanithiral,ஒளவை துரைசாமி,CC-BY-SA,கட்டுரை,Pothumanithiral-upload
Silapathigara_araichi.txt,Silapathigara_araichi.txt,சிலப்பதிகார ஆராய்ச்சி,Silapathigara araichi,ஒளவை துரைசாமி,CC-BY-SA,செய்யுள்,Silapathigara_araichi-upload
Senthamil_valam__2.txt,Senthamil_valam__2.txt,செந்தமிழ் வளம் - 2,Senthamil valam -2,ஒளவை துரைசாமி,CC-BY-SA,கட்டுரை,Senthamil_valam__2-upload
Manimekalai_Surukkam.txt,Manimekalai_Surukkam.txt,மணிமேகலை சுருக்கம்,Manimekalai Surukkam,ஒளவை துரைசாமி,CC-BY-SA,செய்யுள்,Manimekalai_Surukkam-upload
Ingurunooru__1.txt,Ingurunooru__1.txt,ஐங்குறுநூறு -  1,Ingurunooru -1,ஒளவை துரைசாமி,CC-BY-SA,செய்யுள்,Ingurunooru__1-upload
Tamil_Navalar_sarithai.txt,Tamil_Navalar_sarithai.txt,தமிழ் நாவலர் சரிதை,Tamil Navalar sarithai,ஒளவை துரைசாமி,CC-BY-SA,வரலாறு,Tamil_Navalar_sarithai-upload
Yasothara_kaviyam.txt,Yasothara_kaviyam.txt,யசோதர காவியம்,Yasothara kaviyam,ஒளவை துரைசாமி,CC-BY-SA,செய்யுள்,Yasothara_kaviyam-upload
Perungathai_surukkam.txt,Perungathai_surukkam.txt,பெருங்கதைச் சுருக்கம்,Perungathai surukkam,ஒளவை துரைசாமி,CC-BY-SA,செய்யுள்,Perungathai_surukkam-upload
Senthamil_valam__1.txt,Senthamil_valam__1.txt,செந்தமிழ் வளம் - 1,Senthamil valam -1,ஒளவை துரைசாமி,CC-BY-SA,கட்டுரை,Senthamil_valam__1-upload
Purananooru_2.txt,Purananooru_2.txt,புறநானூறு – 2,Purananooru-2,ஒளவை துரைசாமி,CC-BY-SA,செய்யுள்,Purananooru_2-upload
Natrinai__4.txt,Natrinai__4.txt,நற்றிணை - 4,Natrinai -4,ஒளவை துரைசாமி,CC-BY-SA,செய்யுள்,Natrinai__4-upload
Natrinai__3.txt,Natrinai__3.txt,நற்றிணை - 3,Natrinai -3,ஒளவை துரைசாமி,CC-BY-SA,செய்யுள்,Natrinai__3-upload
Seevagasindhamani_Surukkam.txt,Seevagasindhamani_Surukkam.txt,சீவக சிந்தாமணி சுருக்கம்,Seevagasindhamani Surukkam,ஒளவை துரைசாமி,CC-BY-SA,செய்யுள்,Seevagasindhamani_Surukkam-upload
Thirukkural_thelivu.txt,Thirukkural_thelivu.txt,திருக்குறள் தெளிவு,Thirukkural thelivu,ஒளவை துரைசாமி,CC-BY-SA,கட்டுரை,Thirukkural_thelivu-upload
Ingurunooru__2.txt,Ingurunooru__2.txt,ஐங்குறுநூறு -  2,Ingurunooru -2,ஒளவை துரைசாமி,CC-BY-SA,செய்யுள்,Ingurunooru__2-upload
Saiva_ilakkiya_varalaru.txt,Saiva_ilakkiya_varalaru.txt,சைவ இலக்கிய வரலாறு,Saiva ilakkiya varalaru,ஒளவை துரைசாமி,CC-BY-SA,வரலாறு,Saiva_ilakkiya_varalaru-upload
Sivaneri_Sindhanai__2.txt,Sivaneri_Sindhanai__2.txt,சிவநெறிச் சிந்தனை - 2,Sivaneri Sindhanai -2,ஒளவை துரைசாமி,CC-BY-SA,கட்டுரை,Sivaneri_Sindhanai__2-upload
Seevagasindhamani_araichi.txt,Seevagasindhamani_araichi.txt,சீவகசிந்தாமணி ஆராய்ச்சி,Seevagasindhamani araichi,ஒளவை துரைசாமி,CC-BY-SA,செய்யுள்,Seevagasindhamani_araichi-upload
Natrinai__1.txt,Natrinai__1.txt,நற்றிணை - 1,Natrinai -1,ஒளவை துரைசாமி,CC-BY-SA,செய்யுள்,Natrinai__1-upload
Soolamani_Surukkam.txt,Soolamani_Surukkam.txt,சூளாமணிச் சுருக்கம்,Soolamani Surukkam,ஒளவை துரைசாமி,CC-BY-SA,செய்யுள்,Soolamani_Surukkam-upload
Sivagna_Botha_Moolamum_Sitruraiyum.txt,Sivagna_Botha_Moolamum_Sitruraiyum.txt,சிவஞான போத மூலமும் சிற்றுரையும்,Sivagna Botha Moolamum Sitruraiyum,ஒளவை துரைசாமி,CC-BY-SA,உரைநடை,Sivagna_Botha_Moolamum_Sitruraiyum-upload
Mavai_yamaga_anthathi.txt,Mavai_yamaga_anthathi.txt,மாவை யமக அந்தாதி,Mavai yamaga anthathi,ஒளவை துரைசாமி,CC-BY-SA,செய்யுள்,Mavai_yamaga_anthathi-upload
Tamil_vilakkam.txt,Tamil_vilakkam.txt,தமிழ் விளக்கம்,Tamil vilakkam,ந.சி. கந்தையா,CC-BY-SA,இலக்கியம்,Tamil_vilakkam-upload
Robinson_Kuruso.txt,Robinson_Kuruso.txt,இராபின்சன் குரூசோ,Robinson Kuruso,ந.சி. கந்தையா,CC-BY-SA,சமயம்,Robinson_Kuruso-upload
Kalivar_yathirai.txt,Kalivar_yathirai.txt,கலிவர் யாத்திரைகள்,Kalivar yathirai,ந.சி. கந்தையா,CC-BY-SA,சமயம்,Kalivar_yathirai-upload
Agathiyar.txt,Agathiyar.txt,அகத்தியர்,Agathiyar,ந.சி. கந்தையா,CC-BY-SA,வரலாறு,Agathiyar-upload
Neethi_neri_vilakkam.txt,Neethi_neri_vilakkam.txt,நீதி நெறி விளக்கம்,Neethi neri vilakkam,ந.சி. கந்தையா,CC-BY-SA,இலக்கியம்,Neethi_neri_vilakkam-upload
Aaivukatturaigal.txt,Aaivukatturaigal.txt,ஆய்வுக் கட்டுரைகள்,Aaivukatturaigal,ந.சி. கந்தையா,CC-BY-SA,கட்டுரைகள்,Aaivukatturaigal-upload
Tamil_araichi.txt,Tamil_araichi.txt,தமிழ் ஆராய்ச்சி,Tamil araichi,ந.சி. கந்தையா,CC-BY-SA,இலக்கியம்,Tamil_araichi-upload
Vadaindia_kulangalum_kudigalum.txt,Vadaindia_kulangalum_kudigalum.txt,வடஇந்தியக் குலங்களும் குடிகளும்,Vadaindia kulangalum kudigalum,ந.சி. கந்தையா,CC-BY-SA,வரலாறு,Vadaindia_kulangalum_kudigalum-upload
Viralividu_thoothu_vasanam.txt,Viralividu_thoothu_vasanam.txt,விறலிவிடு தூது வசனம்,Viralividu thoothu vasanam,ந.சி. கந்தையா,CC-BY-SA,செய்யுள்,Viralividu_thoothu_vasanam-upload
Tamilar_Yaar?.txt,Tamilar_Yaar?.txt,தமிழர் யார்?,Tamilar Yaar?,ந.சி. கந்தையா,CC-BY-SA,வரலாறு,Tamilar_Yaar?-upload
Tamilar_samayam_ethu?.txt,Tamilar_samayam_ethu?.txt,தமிழர் சமயம் எது?,Tamilar samayam ethu?,ந.சி. கந்தையா,CC-BY-SA,ஆன்மீக வரலாறு,Tamilar_samayam_ethu?-upload
Thiruvalluvar_Thirukkural.txt,Thiruvalluvar_Thirukkural.txt,திருவள்ளுவர் திருக்குறள்,Thiruvalluvar Thirukkural,ந.சி. கந்தையா,CC-BY-SA,வரலாறு,Thiruvalluvar_Thirukkural-upload
Theninthiya_kulangalum_kudigalum.txt,Theninthiya_kulangalum_kudigalum.txt,தென்னிந்திய குலங்களும் குடிகளும்,Theninthiya kulangalum kudigalum,ந.சி. கந்தையா,CC-BY-SA,வரலாறு,Theninthiya_kulangalum_kudigalum-upload
Tamil_kadavulukku_aariyappadaiyala?.txt,Tamil_kadavulukku_aariyappadaiyala?.txt,தமிழ்க் கடவுளுக்கு ஆரியப் படையலா ?,Tamil kadavulukku aariyappadaiyala?,ந.சி. கந்தையா,CC-BY-SA,ஆன்மீக வரலாறு,Tamil_kadavulukku_aariyappadaiyala?-upload
Tamil_pulavar_agarathi.txt,Tamil_pulavar_agarathi.txt,தமிழ்ப் புலவர் அகராதி,Tamil pulavar agarathi,ந.சி. கந்தையா,CC-BY-SA,அகராதி,Tamil_pulavar_agarathi-upload
Thiravidam_endral_enna?.txt,Thiravidam_endral_enna?.txt,திராவிடம் என்றால் என்ன?,Thiravidam endral enna?,ந.சி. கந்தையா,CC-BY-SA,வரலாறு,Thiravidam_endral_enna?-upload
Thiravida_india.txt,Thiravida_india.txt,திராவிட இந்தியா,Thiravida india,ந.சி. கந்தையா,CC-BY-SA,வரலாறு,Thiravida_india-upload
Ulaga_nagarigathil_tamilar_pangu.txt,Ulaga_nagarigathil_tamilar_pangu.txt,உலக நாகரிகத்தில் தமிழர் பங்கு,Ulaga nagarigathil tamilar pangu,ந.சி. கந்தையா,CC-BY-SA,வரலாறு,Ulaga_nagarigathil_tamilar_pangu-upload
Ulaga_ariviyal_Nool.txt,Ulaga_ariviyal_Nool.txt,உலக அறிவியல் நூல்,Ulaga ariviyal Nool,ந.சி. கந்தையா,CC-BY-SA,அறிவியல்,Ulaga_ariviyal_Nool-upload
Tamilar_panpadu.txt,Tamilar_panpadu.txt,தமிழர் பண்பாடு,Tamilar panpadu,ந.சி. கந்தையா,CC-BY-SA,வரலாறு,Tamilar_panpadu-upload
Purogithar_Aatchi.txt,Purogithar_Aatchi.txt,புரோகிதர் ஆட்சி,Purogithar Aatchi,ந.சி. கந்தையா,CC-BY-SA,கட்டுரைகள்,Purogithar_Aatchi-upload
Purapporul_Vilakkam.txt,Purapporul_Vilakkam.txt,புறப்பொருள் விளக்கம்,Purapporul Vilakkam,ந.சி. கந்தையா,CC-BY-SA,செய்யுள்,Purapporul_Vilakkam-upload
Saiva_samaya_varalaru.txt,Saiva_samaya_varalaru.txt,சைவ சமய வரலாறு,Saiva samaya varalaru,ந.சி. கந்தையா,CC-BY-SA,ஆன்மீக வரலாறு,Saiva_samaya_varalaru-upload
Sinthuvelith_tamilar.txt,Sinthuvelith_tamilar.txt,சிந்துவெளித் தமிழர்,Sinthuvelith tamilar,ந.சி. கந்தையா,CC-BY-SA,வரலாறு,Sinthuvelith_tamilar-upload
Ramayanam_Nadantha_kadhaiya?.txt,Ramayanam_Nadantha_kadhaiya?.txt,இராமாயணம் நடந்த கதையா?,Ramayanam Nadantha kadhaiya?,ந.சி. கந்தையா,CC-BY-SA,ஆன்மீக வரலாறு,Ramayanam_Nadantha_kadhaiya?-upload
Tamilagam.txt,Tamilagam.txt,தமிழகம்,Tamilagam,ந.சி. கந்தையா,CC-BY-SA,வரலாறு,Tamilagam-upload
Pothu_arivu.txt,Pothu_arivu.txt,பொது அறிவு,Pothu arivu,ந.சி. கந்தையா,CC-BY-SA,பொது அறிவு,Pothu_arivu-upload
Sivan.txt,Sivan.txt,சிவன்,Sivan,ந.சி. கந்தையா,CC-BY-SA,ஆன்மீகம்,Sivan-upload
Pothu_arivu_vina_vidai.txt,Pothu_arivu_vina_vidai.txt,பொது அறிவு வினா விடை,Pothu arivu vina vidai,ந.சி. கந்தையா,CC-BY-SA,பொது அறிவு,Pothu_arivu_vina_vidai-upload
Maraintha_nagareegangal.txt,Maraintha_nagareegangal.txt,மறைந்த நாகரிகங்கள்,Maraintha nagareegangal,ந.சி. கந்தையா,CC-BY-SA,வரலாறு,Maraintha_nagareegangal-upload
Pathuppattu_urai.txt,Pathuppattu_urai.txt,பத்துப்பாட்டு உரை,Pathuppattu urai,ந.சி. கந்தையா,CC-BY-SA,கவிதை,Pathuppattu_urai-upload
Pengal_ulagam.txt,Pengal_ulagam.txt,பெண்கள் உலகம்,Pengal ulagam,ந.சி. கந்தையா,CC-BY-SA,சமூகம்,Pengal_ulagam-upload
Pengalum_samugamum_andrum_indrum.txt,Pengalum_samugamum_andrum_indrum.txt,பெண்களும் சமூகமும் அன்றும் இன்றும்,Pengalum samugamum andrum indrum,ந.சி. கந்தையா,CC-BY-SA,சமூகம்,Pengalum_samugamum_andrum_indrum-upload
Noolagangal.txt,Noolagangal.txt,நூலகங்கள்,Noolagangal,ந.சி. கந்தையா,CC-BY-SA,கட்டுரைகள்,Noolagangal-upload
Pambu_vanakkam.txt,Pambu_vanakkam.txt,பாம்பு வணக்கம்,Pambu vanakkam,ந.சி. கந்தையா,CC-BY-SA,வரலாறு,Pambu_vanakkam-upload
Pengal_puratchi.txt,Pengal_puratchi.txt,பெண்கள் புரட்சி,Pengal puratchi,ந.சி. கந்தையா,CC-BY-SA,சமூகம்,Pengal_puratchi-upload
Pathitrupathu_urai.txt,Pathitrupathu_urai.txt,பதிற்றுப்பத்து  உரை,Pathitrupathu urai,ந.சி. கந்தையா,CC-BY-SA,கவிதை,Pathitrupathu_urai-upload
Maranathin_pin.txt,Maranathin_pin.txt,மரணத்தின் பின்,Maranathin pin,ந.சி. கந்தையா,CC-BY-SA,வரலாறு,Maranathin_pin-upload
Paripadal_urai.txt,Paripadal_urai.txt,பரிபாடல் உரை,Paripadal urai,ந.சி. கந்தையா,CC-BY-SA,கவிதை,Paripadal_urai-upload
Arivurai_kovai.txt,Arivurai_kovai.txt,அறிவுரைக் கோவை,Arivurai kovai,ந.சி. கந்தையா,CC-BY-SA,கட்டுரைகள்,Arivurai_kovai-upload
Inthu_samaya_varalaru.txt,Inthu_samaya_varalaru.txt,இந்து சமய வரலாறு,Inthu samaya varalaru,ந.சி. கந்தையா,CC-BY-SA,ஆன்மீகம்,Inthu_samaya_varalaru-upload
Arunjol_agarathi.txt,Arunjol_agarathi.txt,அருஞ்சொல் அகராதி,Arunjol agarathi,ந.சி. கந்தையா,CC-BY-SA,அகராதி,Arunjol_agarathi-upload
Ariyar_Vethangal.txt,Ariyar_Vethangal.txt,ஆரியர் வேதங்கள்,Ariyar Vethangal,ந.சி. கந்தையா,CC-BY-SA,ஆன்மீக வரலாறு,Ariyar_Vethangal-upload
Aariyathal_Vilaintha_kedu.txt,Aariyathal_Vilaintha_kedu.txt,ஆரியத்தால் விளைந்த கேடு,Aariyathal Vilaintha kedu,ந.சி. கந்தையா,CC-BY-SA,கட்டுரைகள்,Aariyathal_Vilaintha_kedu-upload
Aathi_uyirgal.txt,Aathi_uyirgal.txt,ஆதி உயிர்கள்,Aathi uyirgal,ந.சி. கந்தையா,CC-BY-SA,வரலாறு,Aathi_uyirgal-upload
Kalithogai_urai.txt,Kalithogai_urai.txt,கலித்தொகை உரை,Kalithogai urai,ந.சி. கந்தையா,CC-BY-SA,கவிதை,Kalithogai_urai-upload
Kalingathu_barani.txt,Kalingathu_barani.txt,கலிங்கத்துப் பரணி,Kalingathu barani,ந.சி. கந்தையா,CC-BY-SA,செய்யுள்,Kalingathu_barani-upload
Arivurai_maalai.txt,Arivurai_maalai.txt,அறிவுரை மாலை,Arivurai maalai,ந.சி. கந்தையா,CC-BY-SA,கட்டுரைகள்,Arivurai_maalai-upload
Aathi_Manithan.txt,Aathi_Manithan.txt,ஆதி மனிதன்,Aathi Manithan,ந.சி. கந்தையா,CC-BY-SA,வரலாறு,Aathi_Manithan-upload
viyappoottum_sirukadhaigal.txt,viyappoottum_sirukadhaigal.txt,வியப்பூட்டும் சிறுகதைகள்,viyappoottum_sirukadhaigal,கா. அப்பாத்துரையார்,CC-BY-SA,சிறுகதைகள்,viyappoottum_sirukadhaigal
ulaga_ilakiyangal.txt,ulaga_ilakiyangal.txt,உலக இலக்கியங்கள்,ulaga_ilakiyangal,கா. அப்பாத்துரையார்,CC-BY-SA,இலக்கியம்,ulaga_ilakiyangal
shakespeare_kadhaigal_2.txt,shakespeare_kadhaigal_2.txt,சேக்சுபியர் கதைகள் - 2,shakespeare_kadhaigal_2,கா. அப்பாத்துரையார்,CC-BY-SA,சிறுகதைகள்,shakespeare_kadhaigal_2
siruvar_kadai_kalanjiyam_4.txt,siruvar_kadai_kalanjiyam_4.txt,சிறுவர் கதைக் களஞ்சியம் - 4,siruvar_kadai_kalanjiyam_4,கா. அப்பாத்துரையார்,CC-BY-SA,சிறுவர் கதைகள்,siruvar_kadai_kalanjiyam_4
siruvar_kadai_kalanjiyam_5.txt,siruvar_kadai_kalanjiyam_5.txt,சிறுவர் கதைக் களஞ்சியம் - 5,siruvar_kadai_kalanjiyam_5,கா. அப்பாத்துரையார்,CC-BY-SA,சிறுவர் கதைகள்,siruvar_kadai_kalanjiyam_5
shakespeare_kadhaigal_1.txt,shakespeare_kadhaigal_1.txt,சேக்சுபியர் கதைகள் - 1,shakespeare_kadhaigal_1,கா. அப்பாத்துரையார்,CC-BY-SA,சிறுகதைகள்,shakespeare_kadhaigal_1
siruvar_kadai_kalanjiyam_2.txt,siruvar_kadai_kalanjiyam_2.txt,சிறுவர் கதைக் களஞ்சியம் - 2,siruvar_kadai_kalanjiyam_2,கா. அப்பாத்துரையார்,CC-BY-SA,சிறுவர் கதைகள்,siruvar_kadai_kalanjiyam_2
shakespeare_kadhaigal_4.txt,shakespeare_kadhaigal_4.txt,சேக்சுபியர் கதைகள் - 4,shakespeare_kadhaigal_4,கா. அப்பாத்துரையார்,CC-BY-SA,சிறுகதைகள்,shakespeare_kadhaigal_4
siruvar_kadai_kalanjiyam_1.txt,siruvar_kadai_kalanjiyam_1.txt,சிறுவர் கதைக் களஞ்சியம் - 1,siruvar_kadai_kalanjiyam_1,கா. அப்பாத்துரையார்,CC-BY-SA,சிறுவர் கதைகள்,siruvar_kadai_kalanjiyam_1
kadhai_inbam.txt,kadhai_inbam.txt,கதை இன்பம்,kadhai_inbam,கா. அப்பாத்துரையார்,CC-BY-SA,சிறுகதைகள்,kadhai_inbam
shakespeare_kadhaigal_3.txt,shakespeare_kadhaigal_3.txt,சேக்சுபியர் கதைகள் - 3,shakespeare_kadhaigal_3,கா. அப்பாத்துரையார்,CC-BY-SA,சிறுகதைகள்,shakespeare_kadhaigal_3
siruvar_kadai_kalanjiyam_3.txt,siruvar_kadai_kalanjiyam_3.txt,சிறுவர் கதைக் களஞ்சியம் - 3,siruvar_kadai_kalanjiyam_3,கா. அப்பாத்துரையார்,CC-BY-SA,சிறுவர் கதைகள்,siruvar_kadai_kalanjiyam_3
arivulaga_methai_bernadshaw.txt,arivulaga_methai_bernadshaw.txt,அறிவுலக மேதை பெர்னாட்சா,arivulaga_methai_bernadshaw,கா. அப்பாத்துரையார்,CC-BY-SA,வாழ்க்கை வரலாறு,arivulaga_methai_bernadshaw-upload
benjamin_franklin.txt,benjamin_franklin.txt,பெஞ்சமின் பிராங்ளின்,benjamin_franklin,கா. அப்பாத்துரையார்,CC-BY-SA,வாழ்க்கை வரலாறு,benjamin_franklin-upload
einstein.txt,einstein.txt,அறிவியல் முனைவர் ஐன்ஸ்டீன்,einstein,கா. அப்பாத்துரையார்,CC-BY-SA,மேற்கோள்கள்,einstein-upload
jane_ayar.txt,jane_ayar.txt,ஜேன் அயர்,jane_ayar,கா. அப்பாத்துரையார்,CC-BY-SA,மேற்கோள்கள்,jane_ayar-upload
ulagam_sutrugirathu.txt,ulagam_sutrugirathu.txt,உலகம் சுற்றுகிறது,ulagam_sutrugirathu,கா. அப்பாத்துரையார்,CC-BY-SA,கட்டுரைகள்,ulagam_sutrugirathu-upload
valluvar_nizhal.txt,valluvar_nizhal.txt,வள்ளுவர் நிழல்,valluvar_nizhal,கா. அப்பாத்துரையார்,CC-BY-SA,மேற்கோள்கள்,valluvar_nizhal-upload
nizhalum_oliyum.txt,nizhalum_oliyum.txt,நிழலும் ஒளியும்,nizhalum_oliyum,கா. அப்பாத்துரையார்,CC-BY-SA,கவிதைகள்,nizhalum_oliyum-upload
krishna_devarayar.txt,krishna_devarayar.txt,கிருட்டிண தேவராயர்,krishna_devarayar,கா. அப்பாத்துரையார்,CC-BY-SA,வாழ்க்கை வரலாறு,krishna_devarayar-upload
thenmozhi.txt,thenmozhi.txt,தென்மொழி,thenmozhi,கா. அப்பாத்துரையார்,CC-BY-SA,வரலாறு,thenmozhi-upload
karl_marx_muthaleedu.txt,karl_marx_muthaleedu.txt,கார்ல் மார்க்ஸ் எழுதிய முதலீடு,karl_marx_muthaleedu,கா. அப்பாத்துரையார்,CC-BY-SA,கட்டுரைகள்இஇ,karl_marx_muthaleedu-upload
arivu_sudar.txt,arivu_sudar.txt,அறிவுச்சுடர்,arivu_sudar,கா. அப்பாத்துரையார்,CC-BY-SA,மேற்கோள்கள்,arivu_sudar-upload
mozhivalam.txt,mozhivalam.txt,மொழிவளம்,mozhivalam,கா. அப்பாத்துரையார்,CC-BY-SA,கட்டுரைகள்,mozhivalam-upload
sanga_kaala_pulavargal.txt,sanga_kaala_pulavargal.txt,சங்க காலப் புலவர்கள்,sanga_kaala_pulavargal,கா. அப்பாத்துரையார்,CC-BY-SA,வரலாறுஇ,sanga_kaala_pulavargal-upload
tamilan_urimai.txt,tamilan_urimai.txt,தமிழன் உரிமை,tamilan_urimai,கா. அப்பாத்துரையார்,CC-BY-SA,கட்டுரைகள்,tamilan_urimai-upload
puthiyathor_ulagam_seivom.txt,puthiyathor_ulagam_seivom.txt,புதியதோர் உலகம் செய்வோம்,puthiyathor_ulagam_seivom,கா. அப்பாத்துரையார்,CC-BY-SA,கட்டுரைகள்,puthiyathor_ulagam_seivom-upload
makkalum_amaipugalum.txt,makkalum_amaipugalum.txt,மக்களும் அமைப்புகளும்,makkalum_amaipugalum,கா. அப்பாத்துரையார்,CC-BY-SA,கட்டுரைகள்,makkalum_amaipugalum-upload
tamil_muzhakkam.txt,tamil_muzhakkam.txt,தமிழ் முழக்கம்,tamil_muzhakkam,கா. அப்பாத்துரையார்,CC-BY-SA,மேற்கோள்கள்,tamil_muzhakkam-upload
ravi_varma.txt,ravi_varma.txt,ஓவியக் கலைஞர் இரவிவர்மா,ravi_varma,கா. அப்பாத்துரையார்,CC-BY-SA,வாழ்க்கை வரலாறு,ravi_varma-upload
pothum_muthalalithuvam.txt,pothum_muthalalithuvam.txt,போதும் முதலாளித்துவம்,pothum_muthalalithuvam,கா. அப்பாத்துரையார்,CC-BY-SA,கட்டுரைகள்,pothum_muthalalithuvam-upload
valarum_tamil.txt,valarum_tamil.txt,வளரும் தமிழ்,valarum_tamil,கா. அப்பாத்துரையார்,CC-BY-SA,கட்டுரைகள்,valarum_tamil-upload
aangila_pulavar_varalaru.txt,aangila_pulavar_varalaru.txt,ஆங்கிலப் புலவர் வரலாறு,aangila_pulavar_varalaru,கா. அப்பாத்துரையார்,CC-BY-SA,வரலாறு,aangila-pulavar-varalaru-45
iruthuli_kanneer.txt,iruthuli_kanneer.txt,இருதுளிக் கண்ணீர்,iruthuli_kanneer,கா. அப்பாத்துரையார்,CC-BY-SA,மேற்கோள்கள்,iruthuli_kanneer-upload
herald_lasky_pothu_udaimai.txt,herald_lasky_pothu_udaimai.txt,ஆங்கில அறிஞர் ஹெரால்டு லாஸ்கியின் பொது உடைமை,herald_lasky_pothu_udaimai,கா. அப்பாத்துரையார்,CC-BY-SA,கட்டுரைகள்,herald_lasky_pothu_udaimai-upload
sarithiram_pesugirathu.txt,sarithiram_pesugirathu.txt,சரித்திரம் பேசுகிறது,sarithiram_pesugirathu,கா. அப்பாத்துரையார்,CC-BY-SA,வரலாறு,sarithiram_pesugirathu-upload
varungala_tamilagam.txt,varungala_tamilagam.txt,வருங்காலத் தமிழகம்,varungala_tamilagam,கா. அப்பாத்துரையார்,CC-BY-SA,கட்டுரைகள்,varungala_tamilagam-upload
samooga_oppantham.txt,samooga_oppantham.txt,பிரஞ்சு அறிஞர் ரூசோவின் சமூக ஒப்பந்தம்,samooga_oppantham,கா. அப்பாத்துரையார்,CC-BY-SA,மேற்கோள்கள்,samooga_oppantham-upload
suthanthira_muzhakam.txt,suthanthira_muzhakam.txt,சுதந்திர முழக்கம்,suthanthira_muzhakam,வெ. சாமிநாத சர்மா,Creative Commons Attribution Share Alike 4.0 unported,கட்டுரைகள்,suthanthira_muzhakam
april_1919_punjab_padukolai.txt,april_1919_punjab_padukolai.txt,ஏப்ரல் - 1919 (அ) பஞ்சாப் படுகொலை,april_1919_punjab_padukolai,வெ. சாமிநாத சர்மா,Creative Commons Attribution Share Alike 4.0 unported,வரலாறு,april-1919_punjab_padukolai
greece_vaazhntha_varalaru.txt,greece_vaazhntha_varalaru.txt,கிரீஸ் வாழ்ந்த வரலாறு,greece_vaazhntha_varalaru,வெ. சாமிநாத சர்மா,Creative Commons Attribution Share Alike 4.0 unported,வரலாறு,greece_vazhntha_varalaru
spain_kuzhappam.txt,spain_kuzhappam.txt,ஸ்பெயின் குழப்பம்,spain_kuzhappam,வெ. சாமிநாத சர்மா,Creative Commons Attribution Share Alike 4.0 unported,கட்டுரைகள்,spain_kuzhappam
soviet_russia.txt,soviet_russia.txt,சோவியத் ருஷ்யா,soviet_russia,வெ. சாமிநாத சர்மா,Creative Commons Attribution Share Alike 4.0 unported,வரலாறு,soviet_russia
chinavin_varalaru.txt,chinavin_varalaru.txt,சீனாவின் வரலாறு,chinavin_varalaru,வெ. சாமிநாத சர்மா,Creative Commons Attribution Share Alike 4.0 unported,வரலாறு,chinavin_varalaru
czechoslovakia.txt,czechoslovakia.txt,ஜெக்கோஸ்லோவேகியா,czechoslovakia,வெ. சாமிநாத சர்மா,Creative Commons Attribution Share Alike 4.0 unported,வரலாறு,czechoslovakia
gandhiyum_vivekanandharum.txt,gandhiyum_vivekanandharum.txt,காந்தியும் விவேகானந்தரும்,gandhiyum_vivekanandharum,வெ. சாமிநாத சர்மா,Creative Commons Attribution Share Alike 4.0 unported,கட்டுரைகள்,gandhiyum_vivekanandharum
suthanthirathin_thevaigal_yaavai?.txt,suthanthirathin_thevaigal_yaavai?.txt,சுதந்திரத்தின் தேவைகள் யாவை?,suthanthirathin_thevaigal_yaavai?,வெ. சாமிநாத சர்மா,Creative Commons Attribution Share Alike 4.0 unported,வாழ்க்கை வரலாறு,suthanthirathin_thevaigal_yaavai?
maanida_saathiyin_suthanthiram.txt,maanida_saathiyin_suthanthiram.txt,மானிட ஜாதியின் சுதந்திரம்,maanida_saathiyin_suthanthiram,வெ. சாமிநாத சர்மா,Creative Commons Attribution Share Alike 4.0 unported,கட்டுரைகள்,maanidasaathiyin_suthanthiram
paalatheenam.txt,paalatheenam.txt,பாலத்தீனம்,paalatheenam,வெ. சாமிநாத சர்மா,Creative Commons Attribution Share Alike 4.0 unported,வரலாறு,paalatheenam
gandhiyum_jawaharum.txt,gandhiyum_jawaharum.txt,காந்தியும் ஜவஹரும்,gandhiyum_jawaharum,வெ. சாமிநாத சர்மா,Creative Commons Attribution Share Alike 4.0 unported,வாழ்க்கை வரலாறு,gandhiyum_jawaharum
puthiya_seena.txt,puthiya_seena.txt,புதிய சீனா,puthiya_seena,வெ. சாமிநாத சர்மா,Creative Commons Attribution Share Alike 4.0 unported,வரலாறு,puthiya_seena
russiavin_varalaru.txt,russiavin_varalaru.txt,ருஷ்யாவின் வரலாறு,russiavin_varalaru,வெ. சாமிநாத சர்மா,Creative Commons Attribution Share Alike 4.0 unported,வரலாறு,russiavin_varalaru
gandhi_yaar.txt,gandhi_yaar.txt,காந்தி யார்,gandhi_yaar,வெ. சாமிநாத சர்மா,Creative Commons Attribution Share Alike 4.0 unported,கட்டுரைகள்,gandhi_yaar
hindi_aatchi_mozhiyanaal.txt,hindi_aatchi_mozhiyanaal.txt,இந்தி ஆட்சி மொழியானால்,hindi_aatchi_mozhiyanaal,புலவர் குழந்தை,Creative Commons Attribution Share Alike 4.0 unported,கட்டுரைகள்,hindi_aatchi_mozhiyanaal
arunthamizh_amizhthu.txt,arunthamizh_amizhthu.txt,அருந்தமிழ் அமிழ்து,arunthamizh_amizhthu,புலவர் குழந்தை,Creative Commons Attribution Share Alike 4.0 unported,கட்டுரைகள்,arunthamizh_amizhthu
ulaga_periyon_kennady.txt,ulaga_periyon_kennady.txt,உலகப் பெரியோன் கென்னடி,ulaga_periyon_kennady,புலவர் குழந்தை,Creative Commons Attribution Share Alike 4.0 unported,கவிதைகள்,ulagaperiyon_kennady
sanga_ilakiya_selvam.txt,sanga_ilakiya_selvam.txt,சங்க இலக்கியச் செல்வம்,sanga_ilakiya_selvam,புலவர் குழந்தை,Creative Commons Attribution Share Alike 4.0 unported,கட்டுரைகள்,sanga_ilakiya_selvam
poova_mullai.txt,poova_mullai.txt,பூவா முல்லை,poova_mullai,புலவர் குழந்தை,Creative Commons Attribution Share Alike 4.0 unported,கட்டுரைகள்,poova_mullai
ondrae_kulam.txt,ondrae_kulam.txt,ஒன்றே குலம்,ondrae_kulam,புலவர் குழந்தை,Creative Commons Attribution Share Alike 4.0 unported,கட்டுரைகள்,ondrae_kulam
tamil_vazhga.txt,tamil_vazhga.txt,தமிழ் வாழ்க,tamil_vazhga,புலவர் குழந்தை,Creative Commons Attribution Share Alike 4.0 unported,கட்டுரைகள்,tamil_vazhga
arunthamizh_virunthu.txt,arunthamizh_virunthu.txt,அருந்தமிழ் விருந்து,arunthamizh_virunthu,புலவர் குழந்தை,Creative Commons Attribution Share Alike 4.0 unported,கட்டுரைகள்,arunthamizh_virunthu
nerunjipazham.txt,nerunjipazham.txt,நெருஞ்சிப்பழம்,nerunjipazham,புலவர் குழந்தை,Creative Commons Attribution Share Alike 4.0 unported,கவிதைகள்,nerunjipazham
pallavar_varalaru.txt,pallavar_varalaru.txt,பல்லவர் வரலாறு,pallavar_varalaru,மா. இராசமாணிக்கனார்,Creative Commons Attribution Share Alike 4.0 unported,வரலாறு,pallavar_varalaru
pirkaala_sozhar_sarithiram_2.txt,pirkaala_sozhar_sarithiram_2.txt,பிற்காலச் சோழர் சரித்திரம் - 2,pirkaala_sozhar_sarithiram-2,தி.வை. சதாசிவப் பண்டாரத்தார்,Creative Commons Attribution Share Alike 4.0 unported,வரலாறு,pirkaala_sozhar_varalaru-2
pirkaala_sozhar_sarithiram_1.txt,pirkaala_sozhar_sarithiram_1.txt,பிற்காலச் சோழர் சரித்திரம் -1,pirkaala_sozhar_sarithiram-1,தி.வை. சதாசிவப் பண்டாரத்தார்,Creative Commons Attribution Share Alike 4.0 unported,வரலாறு,pirkaala_sozhar_varalaru-1
tamizhaga_varalaru.txt,tamizhaga_varalaru.txt,தமிழக வரலாறு,tamizhaga_varalaru,புலவர் குழந்தை,Creative Commons Attribution Share Alike 4.0 unported,வரலாறு,tamizhaga_varalaru
thulunattu_varalaru.txt,thulunattu_varalaru.txt,துளுநாட்டு வரலாறு,thulunattu_varalaru,மயிலை சீனி வேங்கடசாமி,Creative Commons Attribution Share Alike 4.0 unported,வரலாறு,thulu_naatu_varalaru
kongu_nattu_varalaru.txt,kongu_nattu_varalaru.txt,கொங்கு நாட்டு வரலாறு,kongu_nattu_varalaru,மயிலை சீனி வேங்கடசாமி,Creative Commons Attribution Share Alike 4.0 unported,வரலாறு,kongu_naatu_varalaru
sandrorgal_parvayil_pandarathar.txt,sandrorgal_parvayil_pandarathar.txt,சான்றோர்கள் பார்வையில் பண்டாரத்தார்,sandrorgal_parvayil_pandarathar,தி. வை. சதாசிவப் பண்டாரத்தார்,Creative Commons Attribution Share Alike 4.0 unported,வாழ்க்கை வரலாறு,sandrorgal_parvayil_pandarathar
tamil_ilakiya_varalaru.txt,tamil_ilakiya_varalaru.txt,தமிழ் இலக்கிய வரலாறு,tamil_ilakiya_varalaru,தி. வை. சதாசிவப் பண்டாரத்தார்,Creative Commons Attribution Share Alike 4.0 unported,வரலாறு,tamil_ilakiya_varalaru
ilakiyamum_kalvettugalum.txt,ilakiyamum_kalvettugalum.txt,இலக்கியமும் கல்வெட்டுக்குளும்,ilakiyamum_kalvettugalum,தி. வை. சதாசிவப் பண்டாரத்தார்,Creative Commons Attribution Share Alike 4.0 unported,கட்டுரைகள்,ilakiyamum_kalvettugalum
pandiyar_varalaru.txt,pandiyar_varalaru.txt,பாண்டியர் வரலாறு,pandiyar_varalaru,தி. வை. சதாசிவப் பண்டாரத்தார்,Creative Commons Attribution Share Alike 4.0 unported,வரலாறு,pandiyar_varalaru
kalvettugalal_ariyaperum_unmaigal.txt,kalvettugalal_ariyaperum_unmaigal.txt,கல்வெட்டுக்களால் அறியப்பெறும் உண்மைகள்,kalvettugalal_ariyaperum_unmaigal,தி. வை. சதாசிவப் பண்டாரத்தார்,Creative Commons Attribution Share Alike 4.0 unported,கட்டுரைகள்,kalvetugal_kooram_unmaigal
sembiyan_madhevi_thala_varalaru.txt,sembiyan_madhevi_thala_varalaru.txt,செம்பியன் மாதேவித் தல வரலாறு,sembiyan_madhevi_thala_varalaru,தி. வை. சதாசிவப் பண்டாரத்தார்,Creative Commons Attribution Share Alike 4.0 unported,வரலாறு,sembiyan_madhevi_thala_varalaru
thirupurampaya_thala_varalaru.txt,thirupurampaya_thala_varalaru.txt,திருப்புறம்பயத் தல வரலாறு,thirupurampaya_thala_varalaru,தி. வை. சதாசிவப் பண்டாரத்தார்,Creative Commons Attribution Share Alike 4.0 unported,வரலாறு,thirupurampaya_thala_varalaru
mutharkulothunga_sozhan.txt,mutharkulothunga_sozhan.txt,முதற்குலோத்துங்க சோழன்,mutharkulothunga_sozhan,தி. வை. சதாசிவப் பண்டாரத்தார்,Creative Commons Attribution Share Alike 4.0 unported,வரலாறு,mudhal_kulothunga_sozhan
thiruvalluvar.txt,thiruvalluvar.txt,திருவள்ளுவர்,thiruvalluvar,சோமசுந்தர பாரதியார்,Creative Commons Attribution Share Alike 4.0 unported,வரலாறு,thiruvalluvar
serar_thayamurai.txt,serar_thayamurai.txt,சேரர் தாயமுறை,serar_thayamurai,சோமசுந்தர பாரதியார்,Creative Commons Attribution Share Alike 4.0 unported,கட்டுரைகள்,serar-thaayamurai
thasarathan_kuraiyum_kaikayi_niraiyum.txt,thasarathan_kuraiyum_kaikayi_niraiyum.txt,தசரதன் குறையும் கைகேயி நிறையும்,thasarathan_kuraiyum_kaikayi_niraiyum,சோமசுந்தர பாரதியார்,Creative Commons Attribution Share Alike 4.0 unported,கட்டுரைகள்,thasarathan-kuraum-kaiyae-niraiyum
maari_vaayil_mangalak_kurichi_pongal_nigalchi.txt,maari_vaayil_mangalak_kurichi_pongal_nigalchi.txt,மாரி வாயில் மங்கலக் குறிச்சிப் பொங்கல் நிகழ்ச்சி,maari_vaayil_mangalak_kurichi_pongal_nigalchi,சோமசுந்தர பாரதியார்,Creative Commons Attribution Share Alike 4.0 unported,கட்டுரைகள்,maari-vaayil-mangalakurichi-pongal-nigazhch
naavalar_bharathiyarin_katturaigal_2.txt,naavalar_bharathiyarin_katturaigal_2.txt,நாவலர் பாரதியாரின் கட்டுரைகள்-2,naavalar_bharathiyarin_katturaigal-2,சோமசுந்தர பாரதியார்,Creative Commons Attribution Share Alike 4.0 unported,கட்டுரைகள்,navalar-bharathiar-katturaigal-2
serar_peroor.txt,serar_peroor.txt,சேரர் பேரூர்,serar_peroor,சோமசுந்தர பாரதியார்,Creative Commons Attribution Share Alike 4.0 unported,கட்டுரைகள்,serar-peroor
naavalar_bharathiyarin_katturaigal.txt,naavalar_bharathiyarin_katturaigal.txt,நாவலர் பாரதியாரின் கட்டுரைகள்,naavalar_bharathiyarin_katturaigal,சோமசுந்தர பாரதியார்,Creative Commons Attribution Share Alike 4.0 unported,கட்டுரைகள்,navalar-bharathiar-katturaigal-1
musolini.txt,musolini.txt,முஸோலினி,musolini,வெ. சாமிநாத சர்மா,Creative Commons Attribution Share Alike 4.0 unported,கட்டுரைகள்,musolini
mahathma_gandhi.txt,mahathma_gandhi.txt,மகாத்மா காந்தி,mahathma_gandhi,வெ. சாமிநாத சர்மா,Creative Commons Attribution Share Alike 4.0 unported,கட்டுரைகள்,mahathma_gandhi
ulagam_palavitham.txt,ulagam_palavitham.txt,உலகம் பலவிதம்,ulagam_palavitham,வெ. சாமிநாத சர்மா,Creative Commons Attribution Share Alike 4.0 unported,கட்டுரைகள்,ulagam_palavitham
paanapurathu_veeran.txt,paanapurathu_veeran.txt,பாணபுரத்து வீரன்,paanapurathu_veeran,வெ. சாமிநாத சர்மா,Creative Commons Attribution Share Alike 4.0 unported,கட்டுரைகள்,paanapurathu_veeran
hitler.txt,hitler.txt,ஹிட்லர்,hitler,வெ. சாமிநாத சர்மா,Creative Commons Attribution Share Alike 4.0 unported,கட்டுரைகள்,hitler
manotharmam.txt,manotharmam.txt,மனோதருமம்,manotharmam,வெ. சாமிநாத சர்மா,Creative Commons Attribution Share Alike 4.0 unported,கட்டுரைகள்,manotharmam
uthiyogam.txt,uthiyogam.txt,உத்தியோகம்,uthiyogam,வெ. சாமிநாத சர்மா,Creative Commons Attribution Share Alike 4.0 unported,கட்டுரைகள்,uthiyogam
san_yat_san.txt,san_yat_san.txt,ஸன் யாட் ஸென்,san_yat_san,வெ. சாமிநாத சர்மா,Creative Commons Attribution Share Alike 4.0 unported,கட்டுரைகள்,san_yat_san
karl_marx.txt,karl_marx.txt,கார்ல் மார்க்ஸ்,karl_marx,வெ. சாமிநாத சர்மா,Creative Commons Attribution Share Alike 4.0 unported,கட்டுரைகள்,karl_marx
ramakrishna_oru_theerkatharisi.txt,ramakrishna_oru_theerkatharisi.txt,ஸ்ரீ ராமகிருஷ்ணர் - ஒர் தீர்க்கதரிசி,ramakrishna_oru_theerkatharisi,வெ. சாமிநாத சர்மா,Creative Commons Attribution Share Alike 4.0 unported,கட்டுரைகள்,ramakrishna_oru_theerkatharisi